-7.592800828938734981e+00,4.409916571182861134e+01,-9.707529271864844489e+00,-3.939500631689051602e+01,-1.914996707615240013e+01,1.531431232748247329e+00,2.843501225500783658e+00,-2.646587429796890234e+01,-1.752872376980914693e+00
-6.721444494323010943e+00,4.038711861766855549e+01,-9.025133361722968317e+00,-3.591243592493977843e+01,-1.712241346473090076e+01,1.222154101032236539e+00,2.897337924495293926e+00,-2.422715193831520963e+01,-1.643344388424527569e+00
-6.065528930619485948e+00,3.834998399626867638e+01,-8.757382074306072184e+00,-3.387293641143021716e+01,-1.568596420586867701e+01,9.130332121985400562e-01,3.167475187580059970e+00,-2.298539043786280445e+01,-1.615084200557373562e+00
-6.808494668163367791e+00,3.957304451677654100e+01,-8.700636563517385014e+00,-3.535137471542729770e+01,-1.719665035497907368e+01,1.375398826604512958e+00,2.497800315975083230e+00,-2.376707683856628250e+01,-1.563576401611485478e+00
-6.657190381633710352e+00,4.163856616143277023e+01,-9.480200346413708345e+00,-3.682563873740195959e+01,-1.713813384355749747e+01,1.041882773313273614e+00,3.408468810743054966e+00,-2.494218963749866447e+01,-1.751994713922853331e+00
-8.188396575144558653e+00,4.822997778585992990e+01,-1.066315751066175821e+01,-4.300732699967333161e+01,-2.076939998030921686e+01,1.592852458658050807e+00,3.163024615199797829e+00,-2.896689596446281456e+01,-1.920251512585977594e+00
-6.576235815877245372e+00,4.068391971947313834e+01,-9.195392933007161318e+00,-3.603901540054707908e+01,-1.691404347300485966e+01,1.083350055088325936e+00,3.124234979955331060e+00,-2.440784220695424267e+01,-1.680481839102899944e+00
-4.898221525554894207e+00,3.177244604026219577e+01,-7.319364365610020684e+00,-2.797458503573176003e+01,-1.278353633381877330e+01,6.614335233798048774e-01,2.741259209275068276e+00,-1.904986661832341710e+01,-1.351524868626692966e+00
-7.095354826847459329e+00,4.092298778831354866e+01,-8.973422370505391044e+00,-3.659458957808967483e+01,-1.786897817046964931e+01,1.461857606567132484e+00,2.548313359288194135e+00,-2.457030547324870895e+01,-1.613783703522153612e+00
-4.062328460571149158e+00,2.624234895972813675e+01,-6.038939326836290533e+00,-2.311668304503529825e+01,-1.058331669704177536e+01,5.580492599525291864e-01,2.257396267497169706e+00,-1.573074310647538354e+01,-1.115985036372103334e+00
-4.497076070748134313e+00,2.870658177170708569e+01,-6.550764309099364802e+00,-2.533152496117304153e+01,-1.171063434305847650e+01,6.609469536306245008e-01,2.293365779898900669e+00,-1.724251390560855768e+01,-1.193609485871213183e+00
-5.167042389856438156e+00,3.472346896692489793e+01,-8.106219364541251693e+00,-3.043965416064323293e+01,-1.363927174018444788e+01,5.786650429339974533e-01,3.226590723940778727e+00,-2.081169130274207291e+01,-1.506804049971749215e+00
-9.082384835859443228e+00,5.578204966320224401e+01,-1.262186155933684795e+01,-4.944779139435286908e+01,-2.322682436842329068e+01,1.516884542863601304e+00,4.433464884756279645e+00,-3.340020777421833031e+01,-2.332847350600725012e+00
-6.781216103578354470e+00,4.098431651960188304e+01,-9.164365865354925589e+00,-3.641924813690130946e+01,-1.733167845415044894e+01,1.215898226542607263e+00,2.913316508287265627e+00,-2.460621703035661767e+01,-1.661088147965325446e+00
-7.593231728598500041e+00,4.604908244091971881e+01,-1.035056332149746616e+01,-4.089184854502851607e+01,-1.936645005644824380e+01,1.331514666977210659e+00,3.478635541351962068e+00,-2.759487349900186004e+01,-1.899877819788686528e+00
-7.935219927698160092e+00,4.612407526804348379e+01,-1.015016488960498542e+01,-4.120108720761198384e+01,-2.002867719498257415e+01,1.599433190267432137e+00,2.951911427084128903e+00,-2.768967651714388367e+01,-1.829286982525169414e+00
-6.717799950833107658e+00,4.285724170329536520e+01,-9.820502993471954767e+00,-3.781087103543788430e+01,-1.742309298490271274e+01,9.737533192529845838e-01,3.610482419632622175e+00,-2.568570049103998443e+01,-1.813846119183470718e+00
-8.279396447680298365e+00,4.953418725364194586e+01,-1.103980949661507260e+01,-4.407372856961441698e+01,-2.107781222526051934e+01,1.529896145901166404e+00,3.469672350493842483e+00,-2.972738678076733621e+01,-2.003107801640320318e+00
-8.865707732290768917e+00,5.314102770973758538e+01,-1.186270019943007092e+01,-4.726880553974395127e+01,-2.256819955997839600e+01,1.624911187401103740e+00,3.785310724770812207e+00,-3.187878636341834593e+01,-2.158815577310282841e+00
-6.797755993371102257e+00,4.084546402400614795e+01,-9.105577311414490893e+00,-3.632536190687624611e+01,-1.735122469511810550e+01,1.244271374096148186e+00,2.832045458831794260e+00,-2.453106721504097010e+01,-1.645341528940329034e+00
-7.090522545563555212e+00,4.323412377267358409e+01,-9.730488057005414859e+00,-3.836688044866123448e+01,-1.812884316466241330e+01,1.223823243876963174e+00,3.271258364312949585e+00,-2.591899841015669637e+01,-1.782688798347435322e+00
-6.591735004198999270e+00,4.269844054973166436e+01,-9.853714947456644779e+00,-3.759558265817235423e+01,-1.716037936468378788e+01,8.874846495090618070e-01,3.773547784767951274e+00,-2.557137401438384217e+01,-1.831952837034259929e+00
-5.847872946718718268e+00,3.240836600341013707e+01,-6.966198288873027167e+00,-2.914640115141714460e+01,-1.457219798631439822e+01,1.338187084665946713e+00,1.696061261803680331e+00,-1.947868323007200075e+01,-1.234925653344724594e+00
-6.095041549355297406e+00,3.984463195793379953e+01,-9.229379735474367408e+00,-3.504218128231338625e+01,-1.591035111526057477e+01,7.839446989465461701e-01,3.599739920907436996e+00,-2.385740126961849938e+01,-1.719980333289168106e+00
-8.465234297496159854e+00,5.008365477709537572e+01,-1.111835674331915946e+01,-4.462743222769330487e+01,-2.146318684569619961e+01,1.615895333627838770e+00,3.436947601055024393e+00,-3.004757172107784058e+01,-2.017989517035897240e+00
-4.332353745731561290e+00,2.863320756028018366e+01,-6.627866507296518606e+00,-2.515571983270465495e+01,-1.139872704128602798e+01,5.383972060995942943e-01,2.503055906343894854e+00,-1.718468771935985728e+01,-1.219394347454813010e+00
-8.133096590283479088e+00,4.971352856364811856e+01,-1.120257975927854943e+01,-4.410192932150938105e+01,-2.080647130462859451e+01,1.390839795577337057e+00,3.796509490566934542e+00,-2.979962466682502864e+01,-2.054780621022859410e+00
-3.538482753507642187e+00,2.180739612769804836e+01,-4.919566372257643927e+00,-1.932767509237979553e+01,-9.092793136223878747e+00,5.917437192788025380e-01,1.650819433267475711e+00,-1.308573714014124612e+01,-8.974093898284752902e-01
-2.827846237553708342e+00,1.795065378632811104e+01,-4.074089637542063436e+00,-1.585465302815329203e+01,-7.371510160922808197e+00,4.304278934611557306e-01,1.355831386596721977e+00,-1.079996708442905984e+01,-7.339032840987788076e-01
-5.453453647290730899e+00,3.611208974339804456e+01,-8.411213854563266423e+00,-3.170756564704856473e+01,-1.428498795089115703e+01,6.536186455258203853e-01,3.376018793108675808e+00,-2.161198637293254876e+01,-1.574547176580415764e+00
-6.662437288791892342e+00,4.262402769572992156e+01,-9.347727006412704043e+00,-3.708226287250711550e+01,-1.727617618791607512e+01,1.015231459108424827e+00,3.656681152350497399e+00,-2.445078063142720382e+01,-2.927983819598104720e+00
-5.733320004234006007e+00,3.423992754478825873e+01,-7.636929091662109315e+00,-3.046996358873549937e+01,-1.456976173354483528e+01,1.061108367582373369e+00,2.437918262089511678e+00,-2.053368888896116928e+01,-1.391852695538700946e+00
-1.008473235415087288e+01,6.136879925558780258e+01,-1.380145537607848105e+01,-5.447409097095868447e+01,-2.576718232703717959e+01,1.752323911428166126e+00,4.623111341704931654e+00,-3.679025132144929700e+01,-2.528013982462498976e+00
-6.458501632753371524e+00,3.868939441710786298e+01,-8.630555837419095155e+00,-3.441779329261121489e+01,-1.644372320657985398e+01,1.187434455145054413e+00,2.733719642285755924e+00,-2.321469819232461873e+01,-1.568158007972555890e+00
-7.036392844988133888e+00,4.240322486441630900e+01,-9.468637105284669175e+00,-3.769502384704222919e+01,-1.797006297648530548e+01,1.274279257654804320e+00,2.983200651459721797e+00,-2.546060513894854083e+01,-1.714370825451226210e+00
-7.471278034098181031e+00,4.833360395551343913e+01,-1.115140505250980674e+01,-4.256348800878168248e+01,-1.943790764540473148e+01,1.011012341356132493e+00,4.271979804301063943e+00,-2.894293365850837674e+01,-2.074280770771348870e+00
-6.598355799911813868e+00,4.039740101772537173e+01,-9.112179135060904045e+00,-3.582910420789227146e+01,-1.688407723742927757e+01,1.120915201397017613e+00,3.110781556195464592e+00,-2.421115429951770892e+01,-1.673550014100970262e+00
-5.368560885951521477e+00,3.333326676721160453e+01,-7.522812745960365532e+00,-2.951908067300673366e+01,-1.385844008653493731e+01,8.808916300545642786e-01,2.483854762533740157e+00,-2.002665268526920883e+01,-1.362997132778998921e+00
-5.623317482578856996e+00,3.354539344757873920e+01,-7.477069226601104290e+00,-2.985672881188773076e+01,-1.428752327832414082e+01,1.044958988195748173e+00,2.374719868716042903e+00,-2.011918578249498424e+01,-1.361605407150045410e+00
-4.549765977447671972e+00,3.009527539212317038e+01,-6.982921854291255670e+00,-2.643398617556519525e+01,-1.195135405692772501e+01,5.575353264945208664e-01,2.700083298500457030e+00,-1.804298092015999799e+01,-1.293209009417056743e+00
-9.696989605665768508e+00,5.848564554858267428e+01,-1.313858220540545929e+01,-5.196792476904936109e+01,-2.465502137452760678e+01,1.723554323018218648e+00,4.455690428547486981e+00,-3.501912235828371678e+01,-2.422031489228964052e+00
-7.439399212865627220e+00,4.466461079240748688e+01,-9.955035607107042495e+00,-3.972581543319316211e+01,-1.898195035333414893e+01,1.364715425915641545e+00,3.096232958278218650e+00,-2.682299651023405218e+01,-1.799385022630568765e+00
-6.747010228973892687e+00,4.243945091576840412e+01,-9.636334366066373391e+00,-3.751831138261043463e+01,-1.747523379090507945e+01,1.050350654186444022e+00,3.306076690476639879e+00,-2.548394443111882524e+01,-1.755272642272616368e+00
-7.762915411113474384e+00,4.570430853534050897e+01,-1.010394758617814581e+01,-4.075726355654013133e+01,-1.968595810830203163e+01,1.511601205699775852e+00,2.998184248598592561e+00,-2.744866365394899788e+01,-1.819996369606157183e+00
-9.292593163526550626e+00,5.463415719478026489e+01,-1.213363965598246175e+01,-4.871448398067070684e+01,-2.345653949849404185e+01,1.793379750425177166e+00,3.849402450029713041e+00,-3.272911787583076659e+01,-2.221272594599587702e+00
-4.722099018963664463e+00,3.057432388754790864e+01,-7.016567560285293936e+00,-2.693113681963743389e+01,-1.235103368066972607e+01,6.513247552230188031e-01,2.529613468301933565e+00,-1.836066917394121845e+01,-1.282624925142865413e+00
-5.762450483954673963e+00,3.391774556431835208e+01,-7.495433213443863707e+00,-3.024802967383748964e+01,-1.461495586822203308e+01,1.123674631403563495e+00,2.214312041949455079e+00,-2.037266651158895314e+01,-1.348906134979116045e+00
-4.479177123934236171e+00,2.979363547893345654e+01,-6.904752509464185728e+00,-2.615664288670601678e+01,-1.182240822426770954e+01,5.410311372487452974e-01,2.603236299212916105e+00,-1.789086812833037499e+01,-1.267148273607219044e+00
-5.840558957882667102e+00,3.416876608349699040e+01,-7.531385933888265605e+00,-3.049705843742601985e+01,-1.478492872173549699e+01,1.159138154289896638e+00,2.190639548500403322e+00,-2.052372511714606773e+01,-1.353882457236186498e+00
-5.947589822591355713e+00,3.451273571798355277e+01,-7.580651404896466161e+00,-3.083829879924371653e+01,-1.501783996137027088e+01,1.207733285256605837e+00,2.158201487477745761e+00,-2.073071844784885798e+01,-1.360701436630590733e+00
-5.160793607193568278e+00,3.198417531288561122e+01,-7.218495252607673329e+00,-2.832980159192049285e+01,-1.330568260968467342e+01,8.505048798295244961e-01,2.396657410607337280e+00,-1.920908663021563356e+01,-1.310574333621609799e+00
-5.275324723027729590e+00,3.235224882287769077e+01,-7.271213030624529061e+00,-2.869495457384778447e+01,-1.355491524214347976e+01,9.025053433301487571e-01,2.361946233279814233e+00,-1.943058514095032052e+01,-1.317871157028735585e+00
-8.450228302217560383e+00,4.944519623924310991e+01,-1.094282755098798177e+01,-4.412024783799417804e+01,-2.132431604542770387e+01,1.659926085152411801e+00,3.365690491961820019e+00,-2.964239413543277024e+01,-1.992296512611497539e+00
-7.092184441387781035e+00,4.380385000385802385e+01,-9.899642647815849017e+00,-3.880966575596738721e+01,-1.822281009581988087e+01,1.173282651928859721e+00,3.375197072103987672e+00,-2.627246397874174022e+01,-1.811869619527721520e+00
-5.410269746186049389e+00,3.055884299684933225e+01,-6.661453004583042237e+00,-2.740065389806438390e+01,-1.350365208522970129e+01,1.168958456353681008e+00,1.875837265931902031e+00,-1.831922138648292631e+01,-1.206126460255009025e+00
-6.583754520428947821e+00,3.888149943874361725e+01,-8.614862756788285836e+00,-3.465658596501873490e+01,-1.669916482642051747e+01,1.267382984026173665e+00,2.609617504660874054e+00,-2.334027590698802257e+01,-1.557290300283186824e+00
-7.243360035700061594e+00,4.285337567989815000e+01,-9.531014129735389417e+00,-3.818063556759999955e+01,-1.833702234555567756e+01,1.376085439962427603e+00,3.020348346502023773e+00,-2.568623115324451689e+01,-1.740173378986656250e+00
-3.940746713970431081e+00,2.257924345518626907e+01,-4.935662195951083575e+00,-2.020970843351349089e+01,-9.906159264433789247e+00,8.268355911819076365e-01,1.371556382762044723e+00,-1.355840748935666440e+01,-8.858623436929684569e-01
-5.190734401473943826e+00,3.305985801378530198e+01,-7.565978511875858459e+00,-2.917441089899031681e+01,-1.346261074764636234e+01,7.595516550704521919e-01,2.754139536942351807e+00,-1.982014134193451227e+01,-1.394374960874357638e+00
-5.039313328274497295e+00,2.935660043904332284e+01,-6.451273299395460015e+00,-2.621899481055011449e+01,-1.275190464045913075e+01,1.015087188239022220e+00,1.823650709824250926e+00,-1.764358388716394543e+01,-1.154364422373350241e+00
-5.992880674432028876e+00,3.505678903672724545e+01,-7.726736036747966274e+00,-3.129005490357929986e+01,-1.517024935330892177e+01,1.189703963362770622e+00,2.246554588938027841e+00,-2.105725092958547151e+01,-1.388922931036661090e+00
-6.663044304839487175e+00,3.836416786336849327e+01,-8.391349408891464634e+00,-3.431805085605431316e+01,-1.679456027336958357e+01,1.384655654865549312e+00,2.310292229115472384e+00,-2.305351159451689469e+01,-1.500102351299546166e+00
-5.987629944052379471e+00,3.567884010318713450e+01,-7.964319104910892122e+00,-3.175657614959841979e+01,-1.518369461786476649e+01,1.110764988298392097e+00,2.586984138146553924e+00,-2.137849539985020897e+01,-1.458926750785847881e+00
-5.282773537147223308e+00,3.277468757820915357e+01,-7.399879268096817952e+00,-2.902606108164838261e+01,-1.362497608966987173e+01,8.672946337673173023e-01,2.461768197784063084e+00,-1.968393266384532581e+01,-1.343681720007078972e+00
-6.207517418829635147e+00,3.586818719963093827e+01,-7.847253831692742487e+00,-3.207217727928553330e+01,-1.567962363657301772e+01,1.281554570733826282e+00,2.138943568688261188e+00,-2.156702432828559068e+01,-1.397824614925211373e+00
-5.360239541096957439e+00,3.282334738715052680e+01,-7.411579928221494029e+00,-2.910907453511068965e+01,-1.370534655318223116e+01,9.072651639080516750e-01,2.561206507443772651e+00,-1.966222809941000449e+01,-1.365438325885030002e+00
-6.109254449621969840e+00,3.543078437933102975e+01,-7.780301976473289471e+00,-3.166108273055230882e+01,-1.542349182046304712e+01,1.242541047897569362e+00,2.211284953106132267e+00,-2.128231306842352666e+01,-1.396337151011703526e+00
-4.757457907618099391e+00,3.140734192679665782e+01,-7.292165623700076260e+00,-2.759063767129560318e+01,-1.247307272485774554e+01,5.852644434163281062e-01,2.851700794377172166e+00,-1.881655815293611766e+01,-1.355811334632385234e+00
-4.724473111429649208e+00,2.739975158757602003e+01,-5.996948189199530432e+00,-2.448933347094586921e+01,-1.195852609073085482e+01,9.683081904254153827e-01,1.621545359066267622e+00,-1.648441595672339588e+01,-1.064816214201636413e+00
-7.709124216026806309e+00,4.571397426086171123e+01,-1.017252915443681083e+01,-4.071780445182324826e+01,-1.953716158418795956e+01,1.456031077004614538e+00,3.221991858512174289e+00,-2.740663843740761152e+01,-1.855444106698193707e+00
-9.364766002346643248e+00,5.574072038603711121e+01,-1.243326495582563318e+01,-4.962122799853548116e+01,-2.374505827267252300e+01,1.744614988352416241e+00,4.013752279577536441e+00,-3.340428288372631727e+01,-2.275062015620035183e+00
-6.937974153399744992e+00,4.222414926218694831e+01,-9.472344380919881957e+00,-3.748564353037559727e+01,-1.776520773590457480e+01,1.214102056344973590e+00,3.074474711259226112e+00,-2.534478136150253036e+01,-1.721285593158538685e+00
-6.824858593955294594e+00,4.186062498586956337e+01,-9.420278172452311694e+00,-3.712500368562527342e+01,-1.751905551388997395e+01,1.162744296688105416e+00,3.108756873043659219e+00,-2.512602047913982517e+01,-1.714078955417756234e+00
-7.213749481140594888e+00,4.311042014247565390e+01,-9.599281610200161907e+00,-3.836488217686148516e+01,-1.836532596927238714e+01,1.339312089968721864e+00,2.990894923932003735e+00,-2.587811960715810855e+01,-1.738855350092374241e+00
-4.879676398683321814e+00,3.131825310007073071e+01,-7.181793527221605800e+00,-2.761233568104447045e+01,-1.269773527934018453e+01,6.931092113834140811e-01,2.623348828442973346e+00,-1.878402842792292660e+01,-1.321446901979738131e+00
-3.485723484992309551e+00,2.265795744258632283e+01,-5.225992796871619106e+00,-1.994380756471159799e+01,-9.099973635686568585e+00,4.652086020953087320e-01,1.973326195724085963e+00,-1.358202494374376634e+01,-9.665740420494554064e-01
-2.664149126058586781e+00,1.585827174922476424e+01,-3.517724445489776919e+00,-1.412194887622047013e+01,-6.786018011215469770e+00,5.035886742005191152e-01,1.054393810524710151e+00,-9.529415990889480881e+00,-6.324026144724819165e-01
-3.586692176611354643e+00,2.297805361907122190e+01,-5.267847356930698055e+00,-2.026312136098098193e+01,-9.324180543492005313e+00,5.126898936845297738e-01,1.927121037259878600e+00,-1.377893497970220693e+01,-9.702712732084423086e-01
-2.712123470395009228e+00,1.624589941628800460e+01,-3.617164985914492981e+00,-1.445398942133703812e+01,-6.915704722459159903e+00,5.012675473909360413e-01,1.117488825609167513e+00,-9.756910158233813135e+00,-6.533269175102456305e-01
-6.344912701072019878e+00,3.602714521956197302e+01,-7.856230352262335792e+00,-3.228386447170135654e+01,-1.588625481971834219e+01,1.358369182939778819e+00,2.179276693560573186e+00,-2.161773572650046660e+01,-1.414797695520607634e+00
-8.961588430161210539e+00,5.299612119402605259e+01,-1.180716955518108868e+01,-4.721468407165507131e+01,-2.264864875295488744e+01,1.696325469807200115e+00,3.831063633622056930e+00,-3.173623659891788762e+01,-2.168498843732808989e+00
-6.568285914415723958e+00,3.789881748537123229e+01,-8.304559049009373695e+00,-3.389010715966231402e+01,-1.655507002537015993e+01,1.354448643201803915e+00,2.330736828048513232e+00,-2.276410684556614683e+01,-1.489425433095223683e+00
-5.876435774005669188e+00,3.567538931290872029e+01,-7.986105833414420374e+00,-3.168432107281978816e+01,-1.504952604716367937e+01,1.040328522112719423e+00,2.540417251861189829e+00,-2.142609686778592604e+01,-1.445347382671990699e+00
-6.066265036842608538e+00,3.628545167511231995e+01,-8.073482760343441811e+00,-3.228954281432745432e+01,-1.546261594461190292e+01,1.126516538195579287e+00,2.482885312559846902e+00,-2.179321892632876612e+01,-1.457441481278623385e+00
-4.898593859920899796e+00,3.253285723406558105e+01,-7.536012838276402448e+00,-2.856672383139801497e+01,-1.292163169634997821e+01,5.963598032854913189e-01,2.836773781969820885e+00,-1.953499045424719327e+01,-1.383048681439620786e+00
-5.718366502033667587e+00,3.516739538188939207e+01,-7.913347782203500991e+00,-3.118035788699674882e+01,-1.470554947383252475e+01,9.685604672231444834e-01,2.588323626382132758e+00,-2.112039733731587887e+01,-1.435276725844175427e+00
-4.396916406223800422e+00,2.893948383913311062e+01,-6.710178796208465357e+00,-2.543251574749560007e+01,-1.151878553935213922e+01,5.500754179483218209e-01,2.605077472771252456e+00,-1.734036490764544070e+01,-1.246122158934761304e+00
-4.743951121120147718e+00,2.712835374618774864e+01,-5.930486086380012622e+00,-2.428664548848800209e+01,-1.190946337190815996e+01,9.984380578991669530e-01,1.662069488328153710e+00,-1.628286596700917954e+01,-1.067212240590527550e+00
-3.345040279447881737e+00,2.273162208949499430e+01,-5.316474752007718685e+00,-1.990323793497486449e+01,-8.880566168654331349e+00,3.541597976018590055e-01,2.105955391512243313e+00,-1.363840214488064007e+01,-9.834578450996840360e-01
-5.229312782957436845e+00,2.878718864096881802e+01,-6.183790667336037217e+00,-2.591075579078957958e+01,-1.298095576932344919e+01,1.209674413261900172e+00,1.534885106146274047e+00,-1.728250838016797175e+01,-1.103505603378058808e+00
-5.112045534212761311e+00,2.875184320354956213e+01,-6.224549038886625141e+00,-2.580335289637942608e+01,-1.279166944809329109e+01,1.128072916480544308e+00,1.601630611118759040e+00,-1.727710625209532580e+01,-1.108200577766207395e+00
-3.830109036223485752e+00,2.323780720862977489e+01,-5.235850949903107399e+00,-2.063127026144511333e+01,-9.751635922026908432e+00,6.662578974696624634e-01,1.809650910482770048e+00,-1.390977677108546828e+01,-9.678517962505556183e-01
-3.092915758481149080e+00,2.054789099595551249e+01,-4.778653783740037575e+00,-1.803766559713301376e+01,-8.130830324900033546e+00,3.690045850844619890e-01,1.874656244959355567e+00,-1.231424768856709839e+01,-8.875558669176033533e-01
-2.166392008252822077e+00,1.358939706064998987e+01,-3.068847770427131305e+00,-1.202112201820268922e+01,-5.627223011470216640e+00,3.459397069273882352e-01,9.916078231038799595e-01,-8.177973561004657554e+00,-5.509810439182631914e-01
-6.200688738069571215e+00,3.645219957122149168e+01,-8.069485894839980133e+00,-3.250927702541707021e+01,-1.569186571035018574e+01,1.206688369175374476e+00,2.452354113452838380e+00,-2.187107299861097687e+01,-1.462399804657599667e+00
-4.363841779024838274e+00,2.623236461420596299e+01,-5.861659509340491958e+00,-2.332495650631260986e+01,-1.112032238506304971e+01,7.928986735980447786e-01,1.877707216139858026e+00,-1.573794314371157910e+01,-1.066585437953152971e+00
-3.711469139119548455e+00,2.413580696134568271e+01,-5.561377478869446556e+00,-2.124503426811383022e+01,-9.700685902841703623e+00,4.967024879315961039e-01,2.075423113889132143e+00,-1.447628104314923903e+01,-1.025022514948700003e+00
-4.445492718564457491e+00,2.649476970553516253e+01,-5.899242799035756768e+00,-2.358527950965458686e+01,-1.129800404350127074e+01,8.299705790832719865e-01,1.852961100460495558e+00,-1.589585273340160931e+01,-1.071787452117663353e+00
-5.248363973815761696e+00,3.054357874065908618e+01,-6.724129237171749374e+00,-2.727923884026920831e+01,-1.325333035129079562e+01,1.054595812239760289e+00,1.958097707707865398e+00,-1.833732617141135890e+01,-1.211605313771084713e+00
-7.729612618831297688e+00,4.700192944575326948e+01,-1.057668393512982519e+01,-4.172313482165858289e+01,-1.973020023765550945e+01,1.342991326936522123e+00,3.576417725577717199e+00,-2.816499967745107114e+01,-1.942520899523957789e+00
-5.605043076621855747e+00,3.536942722294052288e+01,-8.044719301366189512e+00,-3.125441841758376071e+01,-1.452670487715426084e+01,8.601814050815694834e-01,2.792666767750525914e+00,-2.123337864605232639e+01,-1.468289788154403475e+00
-6.452970224455431669e+00,3.809444670125058963e+01,-8.435013544361961380e+00,-3.395781586755585124e+01,-1.637189003621487515e+01,1.245165034909757606e+00,2.535683769070146809e+00,-2.287323519585314813e+01,-1.522311567430598922e+00
-6.853746251246118248e+00,3.938243763565417765e+01,-8.619487619035444581e+00,-3.523558706712656630e+01,-1.724402389657170431e+01,1.427129027849728171e+00,2.414219766617788032e+00,-2.364831969953370461e+01,-1.547845169124793419e+00
-4.523653763969952557e+00,2.731121514847508180e+01,-6.099337379875514387e+00,-2.427373951754303150e+01,-1.156568679788381004e+01,8.157804556299499410e-01,1.913627067671554993e+00,-1.640378143496597119e+01,-1.102451813203380704e+00
-3.985444011946253084e+00,2.380451266101333729e+01,-5.305751654641934323e+00,-2.118412387075061787e+01,-1.013455221401788009e+01,7.387886946642817643e-01,1.677933996162202845e+00,-1.428074561391172637e+01,-9.647481365659652530e-01
-3.890635494299422348e+00,2.349982250224509173e+01,-5.262112034517656411e+00,-2.088185131644341652e+01,-9.928238180835393223e+00,6.957428653668445984e-01,1.706667805697107188e+00,-1.409738980435038869e+01,-9.587078478136755733e-01
-4.481582731954041776e+00,2.801973980441773193e+01,-6.380284245266704346e+00,-2.478181717180858712e+01,-1.153303749490317998e+01,7.018070563502898374e-01,2.299570549783342077e+00,-1.678196290561270843e+01,-1.180059083182399382e+00
-4.710504675989690249e+00,2.609506452989489134e+01,-5.608370193820428895e+00,-2.346978619381595266e+01,-1.173629429246951261e+01,1.078814895655819006e+00,1.364601896330248199e+00,-1.568386313506580976e+01,-9.942688214800218249e-01
-3.691158839205904929e+00,2.281914953240116972e+01,-5.139173267250854771e+00,-2.021986437819575499e+01,-9.518082722301896226e+00,6.160021866891082221e-01,1.673537104382429863e+00,-1.371248982636479496e+01,-9.293258886566817534e-01
-5.099054299610889629e+00,3.277978373091898590e+01,-7.563779653469532072e+00,-2.888472991805931755e+01,-1.320952772689471288e+01,7.032525114674488265e-01,2.943941632065432135e+00,-1.960484851458611644e+01,-1.416311845207857800e+00
-5.344378546920581563e+00,2.973405399947932892e+01,-6.400008570939155206e+00,-2.672710491100391295e+01,-1.333772190158962090e+01,1.212809553931726736e+00,1.566939478473592162e+00,-1.787493226065624441e+01,-1.133802662188442056e+00
-4.227723402680270581e+00,2.614541194882144026e+01,-5.886020930229548753e+00,-2.316693741648471416e+01,-1.090775429740893898e+01,7.058155842324209672e-01,1.905366415495155508e+00,-1.571536671681230501e+01,-1.062660114289246893e+00
-4.808360352684761807e+00,2.801142956912215709e+01,-6.153283582966144749e+00,-2.501814887257763687e+01,-1.217128582330459352e+01,9.694416766346083403e-01,1.729391598627904925e+00,-1.683829491642707055e+01,-1.099652727667515872e+00
-4.217551765545696441e+00,2.398979022190842159e+01,-5.216373545262461775e+00,-2.149657977743437343e+01,-1.059526580912659810e+01,9.059636130346334637e-01,1.374531755299327251e+00,-1.441985936441765581e+01,-9.287174465915034594e-01
-3.016131763548695943e+00,1.919901232208196973e+01,-4.398105531960396775e+00,-1.694253138384349100e+01,-7.812987888085878296e+00,4.404425752738707622e-01,1.620789431044634465e+00,-1.150339096077358825e+01,-8.134718271759586727e-01
-6.691924054948628076e+00,3.837754559245761499e+01,-8.404688394940322382e+00,-3.434277828446336400e+01,-1.680745654837366843e+01,1.396096601380839797e+00,2.392943128497335259e+00,-2.302875105855216731e+01,-1.515849741260474559e+00
-5.569931579966189261e+00,3.477175073536860594e+01,-7.888244022579962156e+00,-3.076559408472982327e+01,-1.436587431020050865e+01,8.866793280192466487e-01,2.732987661160889648e+00,-2.085886333455596642e+01,-1.444367149875218415e+00
-5.191576385427235429e+00,3.275438223815269367e+01,-7.523471534508185066e+00,-2.892627802558011396e+01,-1.333819114353421398e+01,7.695768210751492422e-01,2.916042750944843220e+00,-1.956582116979602048e+01,-1.415735993807273330e+00
-3.309211840885619260e+00,2.106573252778767014e+01,-4.779546165446229011e+00,-1.860098234087082503e+01,-8.644908315704043389e+00,5.004602263891892999e-01,1.571763654148958134e+00,-1.268290693108455258e+01,-8.575060389025324081e-01
-4.733256935146242128e+00,2.564224671272296519e+01,-5.435022999129797583e+00,-2.314118356724437220e+01,-1.174379113892331183e+01,1.147018189332348115e+00,1.140175422171502806e+00,-1.543695211173650073e+01,-9.482325240233921981e-01
-6.366616830995581289e+00,3.733209195416814907e+01,-8.254952020726804562e+00,-3.330561993667477338e+01,-1.609955131936078132e+01,1.248397643744261654e+00,2.491534647966237692e+00,-2.239962014410994229e+01,-1.495124287317593614e+00
-5.263680927268533871e+00,3.023157546769612125e+01,-6.580489003595946684e+00,-2.705850029909312582e+01,-1.329612343423105258e+01,1.110448974762147323e+00,1.694852977356730239e+00,-1.819937145235133258e+01,-1.161442261771885143e+00
-3.080774962350398383e+00,2.035838947268465304e+01,-4.740813248907936206e+00,-1.787923397414480675e+01,-8.060491264894304564e+00,3.724344065392340974e-01,1.906994458241276114e+00,-1.218070096867765351e+01,-8.886159093480617832e-01
-3.216220619336402464e+00,2.079367693161598041e+01,-4.803157826853673207e+00,-1.831106758702215487e+01,-8.355236299026461921e+00,4.339306810766901945e-01,1.865944668551880126e+00,-1.244264734970585984e+01,-8.972452065752019035e-01
-6.732849122489280802e+00,3.812439557248652022e+01,-8.299809662508980779e+00,-3.417725119992358884e+01,-1.684895963999738555e+01,1.452988773927295085e+00,2.269382978368179593e+00,-2.288097235306405963e+01,-1.491859435429722769e+00
-5.841676618173506697e+00,3.668278295092024166e+01,-8.361235310032927970e+00,-3.242706065582623154e+01,-1.506329629684554305e+01,9.014058355102558817e-01,3.013788312175802009e+00,-2.197789325409418737e+01,-1.544169106025908400e+00
-6.372091638885131637e+00,3.630167124214605678e+01,-7.914888139441965897e+00,-3.251796974459306711e+01,-1.599057258145387728e+01,1.357328632199287455e+00,2.162338658941812319e+00,-2.179925231324127566e+01,-1.418819856099797105e+00
-7.187865335489668439e+00,4.191021543208366751e+01,-9.237630855486196779e+00,-3.742049578050990988e+01,-1.815599335002472969e+01,1.435246308967443429e+00,2.718467095045825843e+00,-2.515656230967866946e+01,-1.667182450050159748e+00
-5.581921454094651125e+00,3.181770284398493587e+01,-6.953162002747242276e+00,-2.849571153287742931e+01,-1.398774392258909316e+01,1.181982296155036583e+00,1.962260754279431474e+00,-1.908784414678638797e+01,-1.254780069581667545e+00
-3.984299913865532616e+00,2.668335866451711169e+01,-6.217789286788576675e+00,-2.340210648802093729e+01,-1.051113916549630289e+01,4.566155695199005660e-01,2.446455151420054985e+00,-1.599810919309222434e+01,-1.152994959347065196e+00
-4.517590659805014397e+00,2.839721777847582018e+01,-6.463258851614860134e+00,-2.510236675961383312e+01,-1.167164000850626415e+01,6.987451058251357150e-01,2.284829644546999994e+00,-1.702947176346326685e+01,-1.186971127041172913e+00
-5.744294152667261955e+00,3.494743449154004367e+01,-7.844785531494697928e+00,-3.102549813788033006e+01,-1.469775247097156701e+01,1.004156015666000545e+00,2.568986335984836611e+00,-2.096914732630012423e+01,-1.428878201111945634e+00
-5.535598861211711075e+00,3.382257733949624878e+01,-7.596046831174407821e+00,-3.001225478256328572e+01,-1.419783046929835635e+01,9.571099091305056428e-01,2.471453377762001580e+00,-2.030633886476074323e+01,-1.379167480787784061e+00
-5.488301726429323679e+00,3.313821949721692306e+01,-7.426393358536341971e+00,-2.944613734478659950e+01,-1.399251291663498264e+01,9.799196972953232443e-01,2.436203415900784819e+00,-1.987005090382156780e+01,-1.357029955773925822e+00
-6.200988232337403261e+00,3.483313714070227718e+01,-7.557512352837850500e+00,-3.126145344369081869e+01,-1.547827127123155222e+01,1.364832026352491345e+00,2.023953323919871039e+00,-2.090421387720092739e+01,-1.357159720686781146e+00
-6.811420434583608241e+00,4.137410506841144553e+01,-9.273205546872970828e+00,-3.674060192265373814e+01,-1.743234836958814427e+01,1.200161516414692819e+00,2.992296186817729797e+00,-2.483626492871300684e+01,-1.683854072077184849e+00
-7.937057885579797301e+00,4.621629237212104613e+01,-1.020808244064006942e+01,-4.126623510467329226e+01,-1.999738478733698344e+01,1.580696472643834394e+00,3.107273565152258499e+00,-2.770548860366147892e+01,-1.857591379224746042e+00
-7.003184661484908702e+00,4.401304562516670416e+01,-1.009011665117328072e+01,-3.888943429009623287e+01,-1.797719488537143562e+01,1.056531637346659114e+00,3.867750655695921136e+00,-2.629730029741856967e+01,-1.895146738361606520e+00
-6.715969958224828673e+00,3.896088473661061613e+01,-8.542827290262234641e+00,-3.481753533514846310e+01,-1.697829892640307747e+01,1.369974941646755706e+00,2.372434463636897917e+00,-2.342085451264133056e+01,-1.525322329473391303e+00
-6.884757714087090363e+00,3.950332511441909844e+01,-8.620518975885852697e+00,-3.535567164786163374e+01,-1.734560013021985014e+01,1.446609500510015023e+00,2.321279616486598751e+00,-2.374728315416330204e+01,-1.536075865216423475e+00
-5.828316806393830873e+00,3.610819611247242733e+01,-8.134247477925944381e+00,-3.198748174711240111e+01,-1.504666549971462963e+01,9.669545485700123955e-01,2.641457302837692644e+00,-2.170416948999466555e+01,-1.468769590521052937e+00
-8.530733724831728537e+00,5.909162689649430433e+01,-1.192645835594302461e+01,-4.878839246133907182e+01,-2.228974179044160309e+01,1.085108612175860632e+00,7.497726739516338057e+00,-2.895925344024676207e+01,-8.674332000382683816e+00
-6.550222096930855997e+00,4.534645347110308933e+01,-9.086672935096821391e+00,-3.737252529447663107e+01,-1.705338857815471343e+01,8.026885439655516707e-01,5.692495429813526187e+00,-2.214278173587603860e+01,-6.917329432851690107e+00
-6.399576949548215765e+00,4.486231876450779765e+01,-9.017332150444607564e+00,-3.689223201889814874e+01,-1.672556773771441385e+01,7.342912579445193266e-01,5.738151759853140632e+00,-2.185144015981929400e+01,-6.907731769984394532e+00
-6.759334542349302311e+00,4.601848701594030899e+01,-9.182925760347330879e+00,-3.803922650005308981e+01,-1.750844085693458752e+01,8.976316867639977382e-01,5.629119297297521030e+00,-2.254719668371730279e+01,-6.930652070768360318e+00
-4.567625488561454006e+00,4.591699420681560895e+01,-8.875750623028558550e+00,-3.332465022839864588e+01,-1.404592461089433542e+01,7.133536501979407252e-01,8.933540493495881307e+00,-1.765971293359293881e+01,-1.077276331925277120e+01
-2.703361646359095261e+00,1.722210560248355193e+01,-3.940679168586197711e+00,-1.519781304897659879e+01,-7.013699050791561973e+00,3.955651670387151930e-01,1.430608278942560041e+00,-1.032648662317698118e+01,-7.256472886795531929e-01
-5.756172669878294457e+00,3.604908401330649781e+01,-8.183543342687269018e+00,-3.188384014102531694e+01,-1.486877352467181623e+01,9.069055743310876494e-01,2.833646939007391286e+00,-2.163100980539947216e+01,-1.496543586691080785e+00
-7.172925817647826108e+00,4.345105501170600348e+01,-9.780969111952753536e+00,-3.858595187347384581e+01,-1.825841003301043486e+01,1.255539965410264358e+00,3.357352269882128759e+00,-2.601324406315579907e+01,-1.805816853751176954e+00
-4.941035069837210081e+00,3.080755309663576469e+01,-6.957747396207067503e+00,-2.726922598915888685e+01,-1.278235239320594374e+01,8.006879431921679613e-01,2.290182464382858551e+00,-1.851756562171973641e+01,-1.257746820710117230e+00
-6.209311899425978609e+00,3.488346819541386878e+01,-7.541525314366824162e+00,-3.131280019919456237e+01,-1.554226589463915786e+01,1.376522575600828358e+00,1.905803235981815558e+00,-2.097036132625114746e+01,-1.338549247102772899e+00
-4.101926022764646795e+00,2.811087272316136776e+01,-6.571512056113477662e+00,-2.459394278363789965e+01,-1.095635641649064418e+01,4.197079880285292663e-01,2.544492943399231155e+00,-1.689476291944189512e+01,-1.204286846176420900e+00
-5.533258213849634899e+00,3.271080576057408962e+01,-7.230343083545846206e+00,-2.915737704249898954e+01,-1.407109678472107284e+01,1.069574505242560480e+00,2.110696196222817900e+00,-1.966290104839370656e+01,-1.295477595163835538e+00
-7.405329030543396307e+00,4.314910750552763119e+01,-9.503675301001338838e+00,-3.853124853281067885e+01,-1.870809907929969640e+01,1.483092971298696661e+00,2.774064744228680102e+00,-2.590589189413957172e+01,-1.712516292545646523e+00
-4.619533453227966824e+00,2.982359089976433353e+01,-6.862279093382951167e+00,-2.627318969073525778e+01,-1.203131554303607409e+01,6.360796622724269600e-01,2.565722137274283110e+00,-1.787648902565405962e+01,-1.268468648926854847e+00
-5.815153528026000274e+00,3.366600590063730891e+01,-7.412613674833849586e+00,-3.008511654035044813e+01,-1.463311974700440032e+01,1.178926011121183670e+00,2.203363138757628015e+00,-2.018876952727531560e+01,-1.344642084279115357e+00
-6.334822913834701197e+00,3.838257996870821387e+01,-8.613081980504865953e+00,-3.409073219984281167e+01,-1.616964484667447266e+01,1.118396139790511556e+00,2.843413786541711286e+00,-2.301540791310283396e+01,-1.574352642134496660e+00
-3.694950735649544793e+00,2.512866548500770136e+01,-5.872627171259410694e+00,-2.200148982876823567e+01,-9.821541724631380532e+00,3.915994994264075379e-01,2.304307185512961542e+00,-1.508448793445403524e+01,-1.082996748001751275e+00
-5.398034669155543419e+00,3.060193863572376571e+01,-6.656543403077532339e+00,-2.743133456801487213e+01,-1.352764455052725445e+01,1.164849225300140567e+00,1.788150087164402047e+00,-1.837818285901907700e+01,-1.191500909685642817e+00
-7.544478642819035130e+00,4.579208845400425076e+01,-1.034254919344205881e+01,-4.064786682654069949e+01,-1.917474937910372645e+01,1.301888888079648643e+00,3.673043860247889203e+00,-2.737983494894732672e+01,-1.925226407664933692e+00
-5.583364437215362130e+00,3.352011512111403846e+01,-7.449430391797204898e+00,-2.981901376336204024e+01,-1.427983289119254273e+01,1.032429394195846450e+00,2.227109727138381068e+00,-2.015868753650392264e+01,-1.334040015098073351e+00
-5.870119329766835037e+00,3.444167149503125103e+01,-7.581421428998525336e+00,-3.073325792604902418e+01,-1.490384389659067210e+01,1.162624470137825217e+00,2.140202340858292196e+00,-2.071325981307202824e+01,-1.352309284517461352e+00
-4.641616033612817382e+00,3.049357828945214166e+01,-7.015950957608040106e+00,-2.681649138945392608e+01,-1.223048209220443816e+01,6.048481807270567057e-01,2.512527323896049491e+00,-1.833738450138136855e+01,-1.274040845920497711e+00
-6.211878623521969622e+00,3.553999784860499034e+01,-7.738730562434962934e+00,-3.182286946355251445e+01,-1.564755068604681121e+01,1.317793146802477944e+00,2.036624659260909631e+00,-2.137420836006873159e+01,-1.374082906437692708e+00
-7.070053398809980294e+00,4.027155829976228318e+01,-8.788312379502883687e+00,-3.607281064543299465e+01,-1.772792625730294347e+01,1.503445705730094728e+00,2.435446444434361091e+00,-2.417200159284320193e+01,-1.580251455834014385e+00
-3.220989500979352549e+00,2.143581577871674426e+01,-4.979367867436080175e+00,-1.881531112145269091e+01,-8.486342714843585711e+00,3.839945194035844223e-01,1.922404209618352233e+00,-1.285800903195497114e+01,-9.199854711842232469e-01
-4.090182563576657770e+00,2.422917843026203499e+01,-5.379450644889709032e+00,-2.158650946669092363e+01,-1.037780490420820279e+01,7.786334941258182818e-01,1.658976107063627303e+00,-1.453899299429578384e+01,-9.753621104344242232e-01
-8.181247256178496130e+00,4.933726072692956421e+01,-1.105384575735330621e+01,-4.384685942702300565e+01,-2.084578977466483352e+01,1.465630650320693729e+00,3.627952360731294235e+00,-2.957964519727225650e+01,-2.021043993946753492e+00
-8.219357448060787164e+00,4.893360764745351332e+01,-1.089803838355891585e+01,-4.356451298857007970e+01,-2.087016904327808220e+01,1.536882506106495239e+00,3.445877459021210676e+00,-2.934843235707310072e+01,-1.983956525186278741e+00
-7.250649296589360304e+00,4.320720995090070460e+01,-9.621486765551827247e+00,-3.846278108473401147e+01,-1.842375226436089974e+01,1.353657165244600336e+00,3.028062933066518525e+00,-2.592049399708892565e+01,-1.748970063674643249e+00
-6.261040407802633823e+00,3.724871284431780794e+01,-8.278267501094410008e+00,-3.316847233106784643e+01,-1.591774122680650194e+01,1.178867206351596586e+00,2.551035500865432404e+00,-2.236011886050003739e+01,-1.498213534833868987e+00
-6.378999203671366303e+00,3.762780203517762345e+01,-8.332563013457599865e+00,-3.354455358848255031e+01,-1.617443287782127470e+01,1.232423936454805746e+00,2.515285489605004532e+00,-2.258824636473926617e+01,-1.505728737113201321e+00
-5.890458130283255045e+00,3.414006452351586773e+01,-7.504066722535933209e+00,-3.050810585605688274e+01,-1.485364942234544117e+01,1.196685202462082653e+00,2.167883065746774029e+00,-2.049482298061707297e+01,-1.351962060433170798e+00
-6.741435497556747869e+00,4.028592491250491747e+01,-8.967214019737586028e+00,-3.585224930881988570e+01,-1.716727969399000386e+01,1.252916719640457588e+00,2.781304355867992406e+00,-2.418656679653482300e+01,-1.622632506653818751e+00
-6.445402251177362984e+00,3.700081680850269805e+01,-8.101347285760226669e+00,-3.310751632642297437e+01,-1.620171400854271226e+01,1.343087638702074926e+00,2.290298982787748017e+00,-2.220969550256383229e+01,-1.458295038673907529e+00
-5.134258370514299230e+00,3.278713804753542860e+01,-7.497837998825157335e+00,-2.892727155824069030e+01,-1.334851696658708775e+01,7.477901161562405807e-01,2.687670015210872343e+00,-1.967399666814156589e+01,-1.374761535233802734e+00
-6.514998319845628494e+00,3.701762142669752365e+01,-8.050508941968393728e+00,-3.317420133196949195e+01,-1.635321731382113342e+01,1.401407626976146403e+00,2.136401646644859653e+00,-2.224381596363742375e+01,-1.436037122318230885e+00
-7.243360035700060706e+00,4.285337567989814289e+01,-9.531014129735387641e+00,-3.818063556759999244e+01,-1.833702234555567401e+01,1.376085439962427381e+00,3.020348346502022885e+00,-2.568623115324450978e+01,-1.740173378986655806e+00
-5.057048015943586883e+00,3.294888339529742183e+01,-7.598075849089959810e+00,-2.899554759221311784e+01,-1.322496928418004281e+01,6.704324540427990531e-01,2.847178984352923603e+00,-1.976125644342551979e+01,-1.401180201475142217e+00
-7.075995900648387682e+00,4.254936395191012366e+01,-9.498422441364809288e+00,-3.783446992886637616e+01,-1.804996909291562091e+01,1.288326153231202698e+00,3.001176226539457481e+00,-2.554108555802921643e+01,-1.722359134429376937e+00
-6.905332810399295695e+00,4.098192364364120266e+01,-9.116208281574856187e+00,-3.650040354539762433e+01,-1.751489730932453526e+01,1.303316163839276509e+00,2.865945720849103040e+00,-2.457819031706974755e+01,-1.659266122144695821e+00
-6.147643687753461705e+00,3.980329938177877125e+01,-9.172336164322002716e+00,-3.505130578905819760e+01,-1.602012620801921372e+01,8.338701727259437702e-01,3.462262799581225181e+00,-2.385295102540564116e+01,-1.698480671410858012e+00
-5.225956713929609698e+00,3.334151710442177574e+01,-7.686556939735770477e+00,-2.940413774051919304e+01,-1.348139465680802651e+01,7.399753916780542617e-01,3.016388262556450428e+00,-1.992145383176911011e+01,-1.446308353637395294e+00
-6.705287210838419831e+00,4.106988815571978080e+01,-9.240401900174637362e+00,-3.642957417825728328e+01,-1.719937622075275030e+01,1.146732798350587723e+00,3.053844088525853540e+00,-2.464722900839359454e+01,-1.682818583669830836e+00
-8.461864980682635817e+00,5.072816764049522931e+01,-1.132591232158609529e+01,-4.512137960521166491e+01,-2.153947394642229796e+01,1.549719433360348342e+00,3.619919373108626992e+00,-3.042984441798934014e+01,-2.061828767428604436e+00
-6.814844270184361008e+00,4.224476012533462921e+01,-9.521788563904930669e+00,-3.742018705254749023e+01,-1.759227904333246428e+01,1.127133840157145572e+00,3.107990700639061021e+00,-2.538887715219742347e+01,-1.721173648943528756e+00
-4.540322292176924179e+00,2.902690913163580078e+01,-6.626653529466964621e+00,-2.560951871826004833e+01,-1.183083033221978120e+01,6.633972359929796170e-01,2.322206246218432746e+00,-1.743621535820165747e+01,-1.207129935225908390e+00
-5.257034647407581751e+00,3.153121151533366628e+01,-7.055137546243176239e+00,-2.804096518617059175e+01,-1.336208789556348542e+01,9.560780219144902059e-01,2.314767843031662053e+00,-1.889609061651983879e+01,-1.292423200819483364e+00
-4.971693923366078849e+00,3.305427763495453064e+01,-7.703466841955250999e+00,-2.901011168191041634e+01,-1.305079257242258350e+01,5.854159299106019843e-01,3.083579985326023731e+00,-1.979042285222015352e+01,-1.439098168562973346e+00
-6.252290002058528806e+00,3.711755697915254615e+01,-8.256710175113873618e+00,-3.305749359323073122e+01,-1.586148935440653318e+01,1.179312056390076524e+00,2.593654020059240839e+00,-2.226183001530669969e+01,-1.502362698077032377e+00
-8.250652292193597859e+00,4.988744173197313359e+01,-1.117105912433510362e+01,-4.432471687627801771e+01,-2.106853456240952838e+01,1.472029422633140738e+00,3.612334794074478772e+00,-2.993315464517392144e+01,-2.032967639577247798e+00
-6.757465132995429613e+00,3.897953602477669932e+01,-8.527501120250583710e+00,-3.486096829112332784e+01,-1.705055325506023678e+01,1.399316073290839402e+00,2.337723968640889716e+00,-2.343018870532404918e+01,-1.521902889022311856e+00
-6.221303911228734052e+00,3.897081206540922693e+01,-8.852038738847133104e+00,-3.446590371241345707e+01,-1.606443485232514590e+01,9.776681761644103741e-01,3.084822005895584418e+00,-2.337827885762498070e+01,-1.621415130139836958e+00
-6.775867184917062858e+00,3.978049930035383852e+01,-8.750038591338761051e+00,-3.549643392175490675e+01,-1.722074224741110626e+01,1.342968547662242829e+00,2.436972303593537781e+00,-2.393572403093940437e+01,-1.555785808910248758e+00
-6.928550318431534905e+00,4.057954541371753976e+01,-8.952357885547266747e+00,-3.621251753317066857e+01,-1.753958414774242058e+01,1.369274330587928024e+00,2.626662706221657650e+00,-2.436957009113584860e+01,-1.611747994935785133e+00
-6.729838538945044135e+00,4.473531774641818259e+01,-9.059379447242982053e+00,-3.740069731268441444e+01,-1.735837084808251518e+01,9.683822945312838826e-01,5.112088516442185870e+00,-2.261538434546958598e+01,-6.032856123762895706e+00
-7.148725476297874692e+00,4.099207332698716044e+01,-8.977410101579586410e+00,-3.668291810033259281e+01,-1.795306609508386941e+01,1.491661239477813483e+00,2.557792658166610611e+00,-2.459678581318768309e+01,-1.619474773396898160e+00
-6.721625589913469589e+00,4.211584161979157415e+01,-9.593272368870669808e+00,-3.723983875411022382e+01,-1.731722124911853911e+01,1.045533599886007803e+00,3.451439997422205419e+00,-2.523079735927338518e+01,-1.772139663965257350e+00
-6.122187740020068603e+00,3.876965920100022345e+01,-8.856807936966625050e+00,-3.423714846919994415e+01,-1.584343834847831012e+01,9.162434367397727097e-01,3.205260372741566055e+00,-2.323916737652922748e+01,-1.632797946121464339e+00
-6.682614241223506113e+00,4.080546544140331378e+01,-9.202292259743140690e+00,-3.620163172843237476e+01,-1.707314820110057951e+01,1.142811030769672831e+00,3.156990084174748024e+00,-2.444562331467556859e+01,-1.693851589546720771e+00
-7.095354826847459329e+00,4.092298778831354866e+01,-8.973422370505391044e+00,-3.659458957808967483e+01,-1.786897817046964931e+01,1.461857606567132484e+00,2.548313359288194135e+00,-2.457030547324871250e+01,-1.613783703522153612e+00
-5.519708547673332077e+00,3.660284377047172200e+01,-8.527479104322667425e+00,-3.213346294106101908e+01,-1.446913290102011906e+01,6.573725738105007377e-01,3.420203513989661381e+00,-2.190874456408812065e+01,-1.595261033086894153e+00
-7.145103731199743180e+00,4.354813736274516600e+01,-9.779803530429445502e+00,-3.865251114786956066e+01,-1.829671546795608350e+01,1.242433010407371308e+00,3.203682977569848322e+00,-2.613320530186413038e+01,-1.780297890209106004e+00
-6.303343879339534439e+00,3.848627244221380295e+01,-8.522039726127452752e+00,-3.399269957001084919e+01,-1.613540063824056148e+01,1.106186672795691939e+00,2.883455680746827010e+00,-2.274917298558609602e+01,-1.926203962254493529e+00
-8.216330624932471238e+00,4.959712534675240647e+01,-1.111541066209283990e+01,-4.407238103721144284e+01,-2.094329841405980730e+01,1.467618434613280343e+00,3.651349103417608433e+00,-2.973678492566897802e+01,-2.032012418349132599e+00
-4.540590964597274848e+00,3.000368992355325659e+01,-6.962301406262984216e+00,-2.635607921640642459e+01,-1.191810610633968892e+01,5.582158571513482492e-01,2.700892578110960507e+00,-1.798388865927399394e+01,-1.291040409035417724e+00
-7.391016230059293868e+00,4.542905850069687546e+01,-1.021997902383518664e+01,-4.028155617714114101e+01,-1.900395465723662269e+01,1.254367307146719401e+00,3.338068811837743066e+00,-2.728352566605189367e+01,-1.853352421962509267e+00
-5.794304092630319758e+00,3.336254486838720368e+01,-7.317717803397126630e+00,-2.983893963140926786e+01,-1.457302337625780808e+01,1.196473176710407538e+00,2.100016921448694340e+00,-2.002115812457744326e+01,-1.319951724308410013e+00
-5.985125884566357080e+00,3.341460974028057507e+01,-7.204247337661454864e+00,-3.002055380097845116e+01,-1.495154016584615064e+01,1.346797335091094006e+00,1.786998064713463563e+00,-2.008659999109546490e+01,-1.277525965635860405e+00
-4.491531767606980807e+00,2.831086803480049596e+01,-6.416615154072728089e+00,-2.502550343225561491e+01,-1.166762721816851212e+01,6.998325487884615725e-01,2.140894377837040174e+00,-1.702213117844215162e+01,-1.159501230551465589e+00
-3.996291466377935198e+00,2.713203728468099740e+01,-6.308579971138029485e+00,-2.376728275269072554e+01,-1.066106143683206753e+01,4.386739229683433994e-01,2.352953646830977519e+00,-1.632475568479210182e+01,-1.146766917107688410e+00
-4.292739515709040887e+00,2.453631338533808659e+01,-5.345509524892105624e+00,-2.197176728880256746e+01,-1.080210767811724182e+01,9.110573195936420010e-01,1.424077914220207575e+00,-1.474978381506766922e+01,-9.519137693767144581e-01
-8.407910884301116994e+00,5.033743970963383418e+01,-1.122522459118389548e+01,-4.478357073293613411e+01,-2.140453448890622212e+01,1.549097611575827482e+00,3.546858441795301076e+00,-3.020514444891470873e+01,-2.038849733629478411e+00
-7.952844086399657009e+00,4.697542330509669739e+01,-1.041228947938347993e+01,-4.186919014672705686e+01,-2.016774694817010882e+01,1.528877617288999513e+00,3.169165130282399545e+00,-2.819465562071831854e+01,-1.884163241385734322e+00
-6.579271269910538678e+00,3.989630218064390021e+01,-8.962606708318384463e+00,-3.542970015210158152e+01,-1.678716722669958727e+01,1.155805950050265096e+00,2.992379942976319818e+00,-2.391396536248401361e+01,-1.642417613306807800e+00
-3.961785753649556874e+00,2.592273363029085331e+01,-5.980903258362586961e+00,-2.280195697301430613e+01,-1.038515879043321277e+01,5.168749178795535304e-01,2.231312239152115851e+00,-1.555535546875205100e+01,-1.100055673364521702e+00
-6.370868160041325723e+00,4.077719766140556601e+01,-9.389177355458981467e+00,-3.595270336935139710e+01,-1.648805896672172011e+01,8.978439939966846861e-01,3.609906929938782927e+00,-2.439431186911724936e+01,-1.754387684170606088e+00
-5.827428902867067606e+00,3.471863444889049788e+01,-7.743165423947524495e+00,-3.090412708498547545e+01,-1.478657629510858662e+01,1.083949268260219867e+00,2.488165477681216320e+00,-2.081145856449326814e+01,-1.414757935700805991e+00
-7.376678489086031298e+00,4.405083120565509347e+01,-9.840494794357011799e+00,-3.919724434658739654e+01,-1.872096262853109749e+01,1.359731159666739408e+00,3.205699357882660472e+00,-2.639666963609621675e+01,-1.802439565127347931e+00
-6.722542888284405826e+00,4.224839302723177781e+01,-9.576375450389718935e+00,-3.735684053090715651e+01,-1.742775237794772636e+01,1.055133493568964687e+00,3.224977279549094966e+00,-2.538683983753109885e+01,-1.736435625358252910e+00
-7.014899250874776726e+00,4.157523472741253556e+01,-9.241480546969649268e+00,-3.703599027081583728e+01,-1.778742597274649739e+01,1.330063885649612088e+00,2.890230985503945860e+00,-2.493597398302129520e+01,-1.680853191451983752e+00
-6.541964071110077938e+00,3.893998299639989114e+01,-8.671096778877698696e+00,-3.466842331763687923e+01,-1.661094161151331861e+01,1.224166340744548220e+00,2.738164839614923185e+00,-2.335542373326587295e+01,-1.578165716946880792e+00
-7.102464735048328315e+00,4.358675693391177219e+01,-9.838145328530307765e+00,-3.864650847391283151e+01,-1.819196792130631479e+01,1.197538819179589709e+00,3.363325826246159611e+00,-2.612603901024077402e+01,-1.806005885066744643e+00
-7.104654517997797569e+00,4.191039944173657972e+01,-9.337365762341709896e+00,-3.734848199485015385e+01,-1.792650886964690571e+01,1.351355682449572937e+00,3.053237349669019718e+00,-2.508495836084506081e+01,-1.719778995798549426e+00
-4.062328460571149158e+00,2.624234895972813675e+01,-6.038939326836290533e+00,-2.311668304503529825e+01,-1.058331669704177536e+01,5.580492599525291864e-01,2.257396267497169706e+00,-1.573074310647538354e+01,-1.115985036372103334e+00
-5.410269746186049389e+00,3.055884299684933225e+01,-6.661453004583042237e+00,-2.740065389806438390e+01,-1.350365208522970129e+01,1.168958456353681230e+00,1.875837265931902031e+00,-1.831922138648292631e+01,-1.206126460255009025e+00
-4.825287377534275279e+00,3.001237900728986574e+01,-6.808674693928042920e+00,-2.656474649176223579e+01,-1.241495209582379466e+01,7.751898398930565648e-01,2.383088495821023667e+00,-1.799090454549176599e+01,-1.251666396811230042e+00
-6.632105265871340194e+00,3.923963631467044877e+01,-8.699709484538995952e+00,-3.496739243410230102e+01,-1.683354802761427038e+01,1.270122482989321178e+00,2.641862126257508159e+00,-2.355684071465733709e+01,-1.572406622204907789e+00
-3.996577345763799194e+00,2.299278429863244000e+01,-5.033634758164544643e+00,-2.056859683069603406e+01,-1.006133161920134711e+01,8.299988921095433625e-01,1.408789264679513042e+00,-1.380847498936642204e+01,-9.033171687542937978e-01
-4.210907516026355601e+00,2.657447147143404109e+01,-6.053725121888906990e+00,-2.348019066093651119e+01,-1.089941101206080809e+01,6.425514722353888875e-01,2.139750069273798960e+00,-1.594136510032022791e+01,-1.110206998192527106e+00
-8.227092201653182002e+00,4.824624076999043609e+01,-1.065812718685301519e+01,-4.304461962731721769e+01,-2.082154767082180769e+01,1.616722723757780145e+00,3.173337799358790345e+00,-2.896223977352068957e+01,-1.924280681793235193e+00
-7.722095344836622743e+00,4.595029759028762584e+01,-1.026974199289152168e+01,-4.090196805622750986e+01,-1.954453655973062354e+01,1.431810836151833577e+00,3.402294351398872152e+00,-2.750876792490674561e+01,-1.891440999958194480e+00
-8.452220600532228900e+00,5.192337118132223850e+01,-1.177162815801938933e+01,-4.602062529149148418e+01,-2.158259226191139035e+01,1.402329389464138654e+00,4.226466373738597682e+00,-3.106097109164671721e+01,-2.188289194328152387e+00
-7.937057885579797301e+00,4.621629237212104613e+01,-1.020808244064006942e+01,-4.126623510467329226e+01,-1.999738478733698344e+01,1.580696472643834394e+00,3.107273565152258499e+00,-2.770548860366147892e+01,-1.857591379224746042e+00
-4.093130920378294846e+00,2.644644644613866191e+01,-6.096167808277584754e+00,-2.329351973441195511e+01,-1.064884135375787899e+01,5.581044409829848396e-01,2.319749673923793942e+00,-1.584012338263862674e+01,-1.132223967613214199e+00
-7.837983016364511002e+00,4.678737651611820780e+01,-1.047325581640304115e+01,-4.162881293741689603e+01,-1.985300990827735035e+01,1.437876228264333811e+00,3.504722148882593480e+00,-2.800602463024722510e+01,-1.931508606661338279e+00
-8.284873013048400736e+00,5.062315828611080093e+01,-1.144069439439379998e+01,-4.490252908929240760e+01,-2.113782533772922889e+01,1.405538740213375881e+00,4.017976862606219335e+00,-3.029905378205910793e+01,-2.118313045275669548e+00
-8.079701951837424900e+00,5.983243431230233966e+01,-1.207769506256571290e+01,-4.830641540172058512e+01,-2.167210088366356047e+01,1.021884478574055066e+00,8.431761991304124848e+00,-2.828572234092247584e+01,-9.614365526657696392e+00
-6.870705581657299277e+00,4.128007267586282580e+01,-9.229697913148596555e+00,-3.670560939248297672e+01,-1.749368924870882580e+01,1.247660293706892132e+00,2.984694016566622476e+00,-2.475572341473496252e+01,-1.683663399817480810e+00
-5.856816667987980729e+00,3.702840000144460220e+01,-8.447502502900325894e+00,-3.270778393586607535e+01,-1.515836857949657990e+01,8.847731371972290537e-01,3.022586796325648528e+00,-2.220373287478387070e+01,-1.553380416318779655e+00
-7.935219927698160092e+00,4.612407526804348379e+01,-1.015016488960498542e+01,-4.120108720761198384e+01,-2.002867719498257415e+01,1.599433190267432137e+00,2.951911427084128903e+00,-2.768967651714388367e+01,-1.829286982525169414e+00
-3.475077178702943748e+00,2.121697174931840024e+01,-4.775719726607264626e+00,-1.882563420263715415e+01,-8.891818607153155085e+00,5.978352416349473897e-01,1.601614002850358043e+00,-1.272223523044364413e+01,-8.739819074716695946e-01
-8.450228302217560383e+00,4.944519623924310991e+01,-1.094282755098798177e+01,-4.412024783799417804e+01,-2.132431604542770387e+01,1.659926085152411801e+00,3.365690491961820019e+00,-2.964239413543277024e+01,-1.992296512611497539e+00
-2.860028607819095292e+00,1.818903053608264386e+01,-4.130563819755720623e+00,-1.606152654742182406e+01,-7.460955936757189377e+00,4.322513104357439406e-01,1.377293482822860904e+00,-1.094411313146715869e+01,-7.439647436416358950e-01
-6.200988232337403261e+00,3.483313714070227718e+01,-7.557512352837850500e+00,-3.126145344369081869e+01,-1.547827127123155222e+01,1.364832026352491345e+00,2.023953323919871039e+00,-2.090421387720092739e+01,-1.357159720686781146e+00
-6.811420434583608241e+00,4.137410506841144553e+01,-9.273205546872970828e+00,-3.674060192265373814e+01,-1.743234836958814427e+01,1.200161516414692819e+00,2.992296186817729797e+00,-2.483626492871300684e+01,-1.683854072077184849e+00
-7.174268194425462042e+00,4.219731772297733130e+01,-9.371841146131975719e+00,-3.762340899348065193e+01,-1.811386397735088849e+01,1.383367480899072799e+00,2.970452144100479863e+00,-2.528046729375325796e+01,-1.715021074822238090e+00
-6.149872121585424622e+00,3.475596045266074441e+01,-7.560259004836524355e+00,-3.116592671331788722e+01,-1.538052727913849616e+01,1.333599737816665076e+00,2.056852974916030252e+00,-2.085902833479278939e+01,-1.358608844612888777e+00
-5.563792828195224693e+00,3.636014518954914365e+01,-8.375916462553048447e+00,-3.198996683465012936e+01,-1.459317768010376781e+01,7.337290156216547121e-01,3.080248355003401883e+00,-2.183086422795523873e+01,-1.534930699534841292e+00
-2.797060225053849436e+00,1.791613660336036773e+01,-4.105103061628638805e+00,-1.580012277834700996e+01,-7.274119336706458050e+00,4.008740233310861267e-01,1.493094910462119840e+00,-1.074616608185450062e+01,-7.549411054800649890e-01
-8.219357448060787164e+00,4.893360764745351332e+01,-1.089803838355891585e+01,-4.356451298857007970e+01,-2.087016904327808220e+01,1.536882506106495239e+00,3.445877459021210676e+00,-2.934843235707310072e+01,-1.983956525186278741e+00
-4.743951121120147718e+00,2.712835374618774864e+01,-5.930486086380012622e+00,-2.428664548848800209e+01,-1.190946337190815996e+01,9.984380578991669530e-01,1.662069488328153710e+00,-1.628286596700917954e+01,-1.067212240590527550e+00
-9.383177095043041760e+00,5.681790114172185469e+01,-1.280498440960770168e+01,-5.045457432059939151e+01,-2.385478015314130573e+01,1.638168270020338380e+00,4.462475342321146954e+00,-3.399317130949680887e+01,-2.373789384098851318e+00
-5.521563856776920076e+00,3.286974155759450866e+01,-7.353478478200047519e+00,-2.925543137467529675e+01,-1.396753020140337043e+01,1.020237885364898123e+00,2.462873959448057981e+00,-1.967007546722005173e+01,-1.357830052914577479e+00
-5.675897266437937461e+00,3.242400872372900977e+01,-7.134950772173614730e+00,-2.901959313887583747e+01,-1.416609716342181358e+01,1.179117781945369980e+00,2.203424612197679711e+00,-1.939546350876275582e+01,-1.312633792966692248e+00
-3.019330787219199230e+00,1.922270768257512330e+01,-4.403719234250937475e+00,-1.696309522918748414e+01,-7.821879065204317527e+00,4.406238283641435993e-01,1.622922827475036467e+00,-1.151771950813295931e+01,-8.144719662885221423e-01
-6.753230945299137922e+00,4.311968120764931456e+01,-9.882677917847795257e+00,-3.803862724033914589e+01,-1.752156779463437530e+01,9.757607996282069429e-01,3.634110990379495476e+00,-2.584439724807780081e+01,-1.824923224892076146e+00
-8.382085831718189439e+00,4.976701221465289393e+01,-1.107019819320180076e+01,-4.432284091749259858e+01,-2.126671317084514712e+01,1.580815757123525289e+00,3.474718896363969911e+00,-2.984968344556348185e+01,-2.013830149037899364e+00
-7.750036404412043112e+00,4.601701329783119832e+01,-1.024432257308728289e+01,-4.098079466424194806e+01,-1.965087050000190061e+01,1.458349115674669516e+00,3.249275781874720437e+00,-2.758988566819821742e+01,-1.868234846623604062e+00
-5.302128168876304670e+00,3.295023009209575804e+01,-7.476639504231315847e+00,-2.916734972853181063e+01,-1.363187247203264718e+01,8.530377240442619247e-01,2.628954526231787270e+00,-1.974681622438282957e+01,-1.376552542737515594e+00
-3.416745687998321568e+00,2.132953181481837746e+01,-4.837124409480634490e+00,-1.887252998231814516e+01,-8.814888343353565858e+00,5.445548559330646299e-01,1.669181996696849080e+00,-1.279727735219845286e+01,-8.847662647629825905e-01
-5.320030679449424760e+00,3.107441833431516542e+01,-6.849891216765931823e+00,-2.773992410013534737e+01,-1.345251655274319980e+01,1.058656367335224724e+00,2.005891506605714802e+00,-1.865832404186486926e+01,-1.234011110900281150e+00
-6.245728400420087034e+00,3.833903308828725898e+01,-8.600846829229478629e+00,-3.400548661658254446e+01,-1.608309087512705560e+01,1.072226662103893613e+00,2.720252201135691550e+00,-2.305135115643472687e+01,-1.548087745982634544e+00
-8.637056399222206693e+00,5.172470931862660137e+01,-1.163883452039629418e+01,-4.599094827569464883e+01,-2.182870708266429105e+01,1.551318510913184401e+00,4.107004671852234168e+00,-3.090193917787401290e+01,-2.173351526576080772e+00
-6.688178024879033678e+00,4.172970131475153721e+01,-9.478313880990093310e+00,-3.692119785812120369e+01,-1.722558249630328930e+01,1.061822842110559328e+00,3.336617970588771520e+00,-2.501484723929191389e+01,-1.743203141632810871e+00
-7.665757846762089045e+00,4.658628775480996609e+01,-1.047783341312352867e+01,-4.135805824865386171e+01,-1.956802485823887849e+01,1.335623915421931818e+00,3.527002473746913225e+00,-2.791972071050583537e+01,-1.922552302671268087e+00
-7.384390282562569574e+00,4.488154387377913679e+01,-1.010329262467114830e+01,-3.984198271430472715e+01,-1.883729768293746076e+01,1.282948358419270463e+00,3.436470227434281099e+00,-2.688695181326242789e+01,-1.858693541212009581e+00
-6.808494668163367791e+00,3.957304451677654100e+01,-8.700636563517385014e+00,-3.535137471542729770e+01,-1.719665035497907368e+01,1.375398826604512958e+00,2.497800315975083230e+00,-2.376707683856628250e+01,-1.563576401611485478e+00
-6.805680295839665384e+00,4.020632393423711903e+01,-8.937622624934020266e+00,-3.582896248267428518e+01,-1.722022584845716153e+01,1.298280212636556463e+00,2.825911126066646073e+00,-2.409874581181278330e+01,-1.631839314846779354e+00
-7.092184441387781035e+00,4.380385000385803806e+01,-9.899642647815850793e+00,-3.880966575596739432e+01,-1.822281009581988442e+01,1.173282651928859721e+00,3.375197072103987672e+00,-2.627246397874174377e+01,-1.811869619527721742e+00
-8.992291163260988540e+00,5.437918858152651325e+01,-1.221786754085222526e+01,-4.830493265075870823e+01,-2.290013712812793045e+01,1.588530821967082174e+00,4.119112191261677047e+00,-3.257508573598828860e+01,-2.246744534794937298e+00
-6.012530841050465646e+00,3.767161591341648830e+01,-8.572463066831046419e+00,-3.331232566333638800e+01,-1.550332736878583084e+01,9.384940102403253048e-01,3.049555816102175854e+00,-2.257940225037727089e+01,-1.578755344858729037e+00
-7.704970474643722866e+00,4.465448168411545282e+01,-9.877213057053609191e+00,-3.988908399698264873e+01,-1.933129263576726231e+01,1.542215709904905641e+00,3.113314202720222745e+00,-2.672468793533135312e+01,-1.815478089882667234e+00
-4.897482981311147121e+00,2.954261280729342332e+01,-6.622189973924579753e+00,-2.625344353407827924e+01,-1.247591189279155088e+01,8.756200622608668604e-01,2.185173364761124670e+00,-1.770863404167427646e+01,-1.212281117817570308e+00
-4.497508947659813572e+00,2.708165900000769710e+01,-6.061482507272867082e+00,-2.407329246533549494e+01,-1.145789737211547354e+01,8.105470393044755806e-01,1.973263877989464676e+00,-1.623968969717915201e+01,-1.106630271723354708e+00
-5.340592113087448745e+00,3.071253461702187693e+01,-6.730430466003674894e+00,-2.747404198301229528e+01,-1.343069110991781301e+01,1.107351645622516090e+00,1.914930123687266228e+00,-1.843413291540539944e+01,-1.212335458741384153e+00
-2.984991711626884037e+00,1.779771287587101725e+01,-3.966112962602232450e+00,-1.584175365294226268e+01,-7.583056104491760152e+00,5.555859433840373285e-01,1.257941172610749891e+00,-1.067445104096586839e+01,-7.221479987540259105e-01
-8.722838821583049906e+00,5.315050448178977405e+01,-1.197668646323394270e+01,-4.716684927301347585e+01,-2.226971060244284217e+01,1.502502560271905541e+00,4.093751292791838026e+00,-3.184064343189629298e+01,-2.204122490221649855e+00
