dataset,seed,layers,val_ratio,test_ratio,data_source,use_features,rewiring_mode,rewiring_epsilon,original_graph_only,rewiring,best_test_accuracy
Actor,111,2,0.05,0.1,rawr,False,rep_nodes,0,False,True,0.27631578947368424
Actor,111,2,0.05,0.1,rawr,False,rep_nodes,2,False,True,0.26973684210526316
Actor,111,2,0.05,0.1,rawr,False,rep_nodes,4,False,True,0.2710526315789474
Actor,111,2,0.05,0.1,rawr,False,rep_nodes,8,False,True,0.2736842105263158
Actor,111,2,0.05,0.1,rawr,False,rep_nodes,1303,False,True,0.2789473684210526
Actor,222,2,0.05,0.1,rawr,False,rep_nodes,0,False,True,0.26052631578947366
Actor,222,2,0.05,0.1,rawr,False,rep_nodes,2,False,True,0.2723684210526316
Actor,222,2,0.05,0.1,rawr,False,rep_nodes,4,False,True,0.26842105263157895
Actor,222,2,0.05,0.1,rawr,False,rep_nodes,8,False,True,0.2565789473684211
Actor,222,2,0.05,0.1,rawr,False,rep_nodes,1303,False,True,0.26842105263157895
Actor,333,2,0.05,0.1,rawr,False,rep_nodes,0,False,True,0.28157894736842104
Actor,333,2,0.05,0.1,rawr,False,rep_nodes,2,False,True,0.28157894736842104
Actor,333,2,0.05,0.1,rawr,False,rep_nodes,4,False,True,0.2736842105263158
Actor,333,2,0.05,0.1,rawr,False,rep_nodes,8,False,True,0.27631578947368424
Actor,333,2,0.05,0.1,rawr,False,rep_nodes,1303,False,True,0.2618421052631579
Actor,444,2,0.05,0.1,rawr,False,rep_nodes,0,False,True,0.25
Actor,444,2,0.05,0.1,rawr,False,rep_nodes,2,False,True,0.25921052631578945
Actor,444,2,0.05,0.1,rawr,False,rep_nodes,4,False,True,0.25921052631578945
Actor,444,2,0.05,0.1,rawr,False,rep_nodes,8,False,True,0.2565789473684211
Actor,444,2,0.05,0.1,rawr,False,rep_nodes,1303,False,True,0.2618421052631579
Actor,555,2,0.05,0.1,rawr,False,rep_nodes,0,False,True,0.2644736842105263
Actor,555,2,0.05,0.1,rawr,False,rep_nodes,2,False,True,0.25921052631578945
Actor,555,2,0.05,0.1,rawr,False,rep_nodes,4,False,True,0.2631578947368421
Actor,555,2,0.05,0.1,rawr,False,rep_nodes,8,False,True,0.25526315789473686
Actor,555,2,0.05,0.1,rawr,False,rep_nodes,1303,False,True,0.25921052631578945
Chameleon,111,2,0.05,0.1,rawr,False,rep_nodes,0,False,True,0.5110132158590308
Chameleon,111,2,0.05,0.1,rawr,False,rep_nodes,6,False,True,0.4801762114537445
Chameleon,111,2,0.05,0.1,rawr,False,rep_nodes,12,False,True,0.44493392070484583
Chameleon,111,2,0.05,0.1,rawr,False,rep_nodes,29,False,True,0.46255506607929514
Chameleon,111,2,0.05,0.1,rawr,False,rep_nodes,732,False,True,0.44493392070484583
Chameleon,222,2,0.05,0.1,rawr,False,rep_nodes,0,False,True,0.5154185022026432
Chameleon,222,2,0.05,0.1,rawr,False,rep_nodes,6,False,True,0.5154185022026432
Chameleon,222,2,0.05,0.1,rawr,False,rep_nodes,12,False,True,0.5066079295154186
Chameleon,222,2,0.05,0.1,rawr,False,rep_nodes,29,False,True,0.4977973568281938
Chameleon,222,2,0.05,0.1,rawr,False,rep_nodes,732,False,True,0.5066079295154186
Chameleon,333,2,0.05,0.1,rawr,False,rep_nodes,0,False,True,0.5242290748898678
Chameleon,333,2,0.05,0.1,rawr,False,rep_nodes,6,False,True,0.5066079295154186
Chameleon,333,2,0.05,0.1,rawr,False,rep_nodes,12,False,True,0.5022026431718062
Chameleon,333,2,0.05,0.1,rawr,False,rep_nodes,29,False,True,0.5066079295154186
Chameleon,333,2,0.05,0.1,rawr,False,rep_nodes,732,False,True,0.5110132158590308
Chameleon,444,2,0.05,0.1,rawr,False,rep_nodes,0,False,True,0.4977973568281938
Chameleon,444,2,0.05,0.1,rawr,False,rep_nodes,6,False,True,0.4669603524229075
Chameleon,444,2,0.05,0.1,rawr,False,rep_nodes,12,False,True,0.45374449339207046
Chameleon,444,2,0.05,0.1,rawr,False,rep_nodes,29,False,True,0.45374449339207046
Chameleon,444,2,0.05,0.1,rawr,False,rep_nodes,732,False,True,0.4977973568281938
Chameleon,555,2,0.05,0.1,rawr,False,rep_nodes,0,False,True,0.5154185022026432
Chameleon,555,2,0.05,0.1,rawr,False,rep_nodes,6,False,True,0.4889867841409692
Chameleon,555,2,0.05,0.1,rawr,False,rep_nodes,12,False,True,0.46255506607929514
Chameleon,555,2,0.05,0.1,rawr,False,rep_nodes,29,False,True,0.46255506607929514
Chameleon,555,2,0.05,0.1,rawr,False,rep_nodes,732,False,True,0.4889867841409692
Citeseer,111,2,0.05,0.1,rawr,False,rep_nodes,0,False,True,0.463855421686747
Citeseer,111,2,0.05,0.1,rawr,False,rep_nodes,1,False,True,0.45180722891566266
Citeseer,111,2,0.05,0.1,rawr,False,rep_nodes,2,False,True,0.4608433734939759
Citeseer,111,2,0.05,0.1,rawr,False,rep_nodes,3,False,True,0.47289156626506024
Citeseer,111,2,0.05,0.1,rawr,False,rep_nodes,99,False,True,0.4789156626506024
Citeseer,222,2,0.05,0.1,rawr,False,rep_nodes,0,False,True,0.4397590361445783
Citeseer,222,2,0.05,0.1,rawr,False,rep_nodes,1,False,True,0.41566265060240964
Citeseer,222,2,0.05,0.1,rawr,False,rep_nodes,2,False,True,0.42771084337349397
Citeseer,222,2,0.05,0.1,rawr,False,rep_nodes,3,False,True,0.4427710843373494
Citeseer,222,2,0.05,0.1,rawr,False,rep_nodes,99,False,True,0.4427710843373494
Citeseer,333,2,0.05,0.1,rawr,False,rep_nodes,0,False,True,0.4307228915662651
Citeseer,333,2,0.05,0.1,rawr,False,rep_nodes,1,False,True,0.4307228915662651
Citeseer,333,2,0.05,0.1,rawr,False,rep_nodes,2,False,True,0.4608433734939759
Citeseer,333,2,0.05,0.1,rawr,False,rep_nodes,3,False,True,0.4427710843373494
Citeseer,333,2,0.05,0.1,rawr,False,rep_nodes,99,False,True,0.45481927710843373
Citeseer,444,2,0.05,0.1,rawr,False,rep_nodes,0,False,True,0.49096385542168675
Citeseer,444,2,0.05,0.1,rawr,False,rep_nodes,1,False,True,0.4367469879518072
Citeseer,444,2,0.05,0.1,rawr,False,rep_nodes,2,False,True,0.4879518072289157
Citeseer,444,2,0.05,0.1,rawr,False,rep_nodes,3,False,True,0.5150602409638554
Citeseer,444,2,0.05,0.1,rawr,False,rep_nodes,99,False,True,0.48493975903614456
Citeseer,555,2,0.05,0.1,rawr,False,rep_nodes,0,False,True,0.41566265060240964
Citeseer,555,2,0.05,0.1,rawr,False,rep_nodes,1,False,True,0.4006024096385542
Citeseer,555,2,0.05,0.1,rawr,False,rep_nodes,2,False,True,0.41566265060240964
Citeseer,555,2,0.05,0.1,rawr,False,rep_nodes,3,False,True,0.42771084337349397
Citeseer,555,2,0.05,0.1,rawr,False,rep_nodes,99,False,True,0.4608433734939759
Cora,111,2,0.05,0.1,rawr,False,rep_nodes,0,False,True,0.6370370370370371
Cora,111,2,0.05,0.1,rawr,False,rep_nodes,2,False,True,0.6703703703703704
Cora,111,2,0.05,0.1,rawr,False,rep_nodes,3,False,True,0.662962962962963
Cora,111,2,0.05,0.1,rawr,False,rep_nodes,5,False,True,0.5925925925925926
Cora,111,2,0.05,0.1,rawr,False,rep_nodes,168,False,True,0.662962962962963
Cora,222,2,0.05,0.1,rawr,False,rep_nodes,0,False,True,0.7037037037037037
Cora,222,2,0.05,0.1,rawr,False,rep_nodes,2,False,True,0.6925925925925925
Cora,222,2,0.05,0.1,rawr,False,rep_nodes,3,False,True,0.725925925925926
Cora,222,2,0.05,0.1,rawr,False,rep_nodes,5,False,True,0.7222222222222222
Cora,222,2,0.05,0.1,rawr,False,rep_nodes,168,False,True,0.725925925925926
Cora,333,2,0.05,0.1,rawr,False,rep_nodes,0,False,True,0.6888888888888889
Cora,333,2,0.05,0.1,rawr,False,rep_nodes,2,False,True,0.6962962962962963
Cora,333,2,0.05,0.1,rawr,False,rep_nodes,3,False,True,0.7
Cora,333,2,0.05,0.1,rawr,False,rep_nodes,5,False,True,0.7185185185185186
Cora,333,2,0.05,0.1,rawr,False,rep_nodes,168,False,True,0.6925925925925925
Cora,444,2,0.05,0.1,rawr,False,rep_nodes,0,False,True,0.7185185185185186
Cora,444,2,0.05,0.1,rawr,False,rep_nodes,2,False,True,0.7074074074074074
Cora,444,2,0.05,0.1,rawr,False,rep_nodes,3,False,True,0.7037037037037037
Cora,444,2,0.05,0.1,rawr,False,rep_nodes,5,False,True,0.6925925925925925
Cora,444,2,0.05,0.1,rawr,False,rep_nodes,168,False,True,0.7444444444444445
Cora,555,2,0.05,0.1,rawr,False,rep_nodes,0,False,True,0.6851851851851852
Cora,555,2,0.05,0.1,rawr,False,rep_nodes,2,False,True,0.7
Cora,555,2,0.05,0.1,rawr,False,rep_nodes,3,False,True,0.7
Cora,555,2,0.05,0.1,rawr,False,rep_nodes,5,False,True,0.7074074074074074
Cora,555,2,0.05,0.1,rawr,False,rep_nodes,168,False,True,0.7185185185185186
Cornell,111,2,0.05,0.1,rawr,False,rep_nodes,0,False,True,0.6111111111111112
Cornell,111,2,0.05,0.1,rawr,False,rep_nodes,1,False,True,0.5555555555555556
Cornell,111,2,0.05,0.1,rawr,False,rep_nodes,2,False,True,0.5555555555555556
Cornell,111,2,0.05,0.1,rawr,False,rep_nodes,4,False,True,0.5555555555555556
Cornell,111,2,0.05,0.1,rawr,False,rep_nodes,94,False,True,0.5555555555555556
Cornell,222,2,0.05,0.1,rawr,False,rep_nodes,0,False,True,0.3333333333333333
Cornell,222,2,0.05,0.1,rawr,False,rep_nodes,1,False,True,0.3333333333333333
Cornell,222,2,0.05,0.1,rawr,False,rep_nodes,2,False,True,0.3333333333333333
Cornell,222,2,0.05,0.1,rawr,False,rep_nodes,4,False,True,0.3333333333333333
Cornell,222,2,0.05,0.1,rawr,False,rep_nodes,94,False,True,0.3333333333333333
Cornell,333,2,0.05,0.1,rawr,False,rep_nodes,0,False,True,0.3333333333333333
Cornell,333,2,0.05,0.1,rawr,False,rep_nodes,1,False,True,0.3333333333333333
Cornell,333,2,0.05,0.1,rawr,False,rep_nodes,2,False,True,0.3333333333333333
Cornell,333,2,0.05,0.1,rawr,False,rep_nodes,4,False,True,0.3333333333333333
Cornell,333,2,0.05,0.1,rawr,False,rep_nodes,94,False,True,0.3333333333333333
Cornell,444,2,0.05,0.1,rawr,False,rep_nodes,0,False,True,0.5
Cornell,444,2,0.05,0.1,rawr,False,rep_nodes,1,False,True,0.5
Cornell,444,2,0.05,0.1,rawr,False,rep_nodes,2,False,True,0.5
Cornell,444,2,0.05,0.1,rawr,False,rep_nodes,4,False,True,0.5
Cornell,444,2,0.05,0.1,rawr,False,rep_nodes,94,False,True,0.5
Cornell,555,2,0.05,0.1,rawr,False,rep_nodes,0,False,True,0.5
Cornell,555,2,0.05,0.1,rawr,False,rep_nodes,1,False,True,0.4444444444444444
Cornell,555,2,0.05,0.1,rawr,False,rep_nodes,2,False,True,0.4444444444444444
Cornell,555,2,0.05,0.1,rawr,False,rep_nodes,4,False,True,0.5
Cornell,555,2,0.05,0.1,rawr,False,rep_nodes,94,False,True,0.5
PubMed,111,2,0.05,0.1,rawr,False,rep_nodes,0,False,True,0.6255707762557078
PubMed,111,2,0.05,0.1,rawr,False,rep_nodes,1,False,True,0.6286149162861492
PubMed,111,2,0.05,0.1,rawr,False,rep_nodes,2,False,True,0.6204972095383054
PubMed,111,2,0.05,0.1,rawr,False,rep_nodes,4,False,True,0.6225266362252664
PubMed,111,2,0.05,0.1,rawr,False,rep_nodes,171,False,True,0.6291222729578894
PubMed,222,2,0.05,0.1,rawr,False,rep_nodes,0,False,True,0.6448503297818367
PubMed,222,2,0.05,0.1,rawr,False,rep_nodes,1,False,True,0.6352105530187722
PubMed,222,2,0.05,0.1,rawr,False,rep_nodes,2,False,True,0.632673769660071
PubMed,222,2,0.05,0.1,rawr,False,rep_nodes,4,False,True,0.6428209030948757
PubMed,222,2,0.05,0.1,rawr,False,rep_nodes,171,False,True,0.6438356164383562
PubMed,333,2,0.05,0.1,rawr,False,rep_nodes,0,False,True,0.6763064434297311
PubMed,333,2,0.05,0.1,rawr,False,rep_nodes,1,False,True,0.6793505834601725
PubMed,333,2,0.05,0.1,rawr,False,rep_nodes,2,False,True,0.6747843734145104
PubMed,333,2,0.05,0.1,rawr,False,rep_nodes,4,False,True,0.656519533231862
PubMed,333,2,0.05,0.1,rawr,False,rep_nodes,171,False,True,0.6712328767123288
PubMed,444,2,0.05,0.1,rawr,False,rep_nodes,0,False,True,0.5296803652968036
PubMed,444,2,0.05,0.1,rawr,False,rep_nodes,1,False,True,0.6179604261796042
PubMed,444,2,0.05,0.1,rawr,False,rep_nodes,2,False,True,0.5712836123795028
PubMed,444,2,0.05,0.1,rawr,False,rep_nodes,4,False,True,0.5464231354642314
PubMed,444,2,0.05,0.1,rawr,False,rep_nodes,171,False,True,0.5235920852359208
PubMed,555,2,0.05,0.1,rawr,False,rep_nodes,0,False,True,0.6818873668188736
PubMed,555,2,0.05,0.1,rawr,False,rep_nodes,1,False,True,0.6752917300862507
PubMed,555,2,0.05,0.1,rawr,False,rep_nodes,2,False,True,0.669710806697108
PubMed,555,2,0.05,0.1,rawr,False,rep_nodes,4,False,True,0.6686960933536276
PubMed,555,2,0.05,0.1,rawr,False,rep_nodes,171,False,True,0.6829020801623541
Squirrel,111,2,0.05,0.1,rawr,False,rep_nodes,0,False,True,0.3173076923076923
Squirrel,111,2,0.05,0.1,rawr,False,rep_nodes,7,False,True,0.3153846153846154
Squirrel,111,2,0.05,0.1,rawr,False,rep_nodes,17,False,True,0.29615384615384616
Squirrel,111,2,0.05,0.1,rawr,False,rep_nodes,166,False,True,0.2980769230769231
Squirrel,111,2,0.05,0.1,rawr,False,rep_nodes,1905,False,True,0.31153846153846154
Squirrel,222,2,0.05,0.1,rawr,False,rep_nodes,0,False,True,0.3269230769230769
Squirrel,222,2,0.05,0.1,rawr,False,rep_nodes,7,False,True,0.31346153846153846
Squirrel,222,2,0.05,0.1,rawr,False,rep_nodes,17,False,True,0.325
Squirrel,222,2,0.05,0.1,rawr,False,rep_nodes,166,False,True,0.3384615384615385
Squirrel,222,2,0.05,0.1,rawr,False,rep_nodes,1905,False,True,0.3192307692307692
Squirrel,333,2,0.05,0.1,rawr,False,rep_nodes,0,False,True,0.3192307692307692
Squirrel,333,2,0.05,0.1,rawr,False,rep_nodes,7,False,True,0.3153846153846154
Squirrel,333,2,0.05,0.1,rawr,False,rep_nodes,17,False,True,0.325
Squirrel,333,2,0.05,0.1,rawr,False,rep_nodes,166,False,True,0.29423076923076924
Squirrel,333,2,0.05,0.1,rawr,False,rep_nodes,1905,False,True,0.3096153846153846
Squirrel,444,2,0.05,0.1,rawr,False,rep_nodes,0,False,True,0.3038461538461538
Squirrel,444,2,0.05,0.1,rawr,False,rep_nodes,7,False,True,0.3057692307692308
Squirrel,444,2,0.05,0.1,rawr,False,rep_nodes,17,False,True,0.3153846153846154
Squirrel,444,2,0.05,0.1,rawr,False,rep_nodes,166,False,True,0.32884615384615384
Squirrel,444,2,0.05,0.1,rawr,False,rep_nodes,1905,False,True,0.3057692307692308
Squirrel,555,2,0.05,0.1,rawr,False,rep_nodes,0,False,True,0.2980769230769231
Squirrel,555,2,0.05,0.1,rawr,False,rep_nodes,7,False,True,0.2980769230769231
Squirrel,555,2,0.05,0.1,rawr,False,rep_nodes,17,False,True,0.3057692307692308
Squirrel,555,2,0.05,0.1,rawr,False,rep_nodes,166,False,True,0.3019230769230769
Squirrel,555,2,0.05,0.1,rawr,False,rep_nodes,1905,False,True,0.29615384615384616
Texas,111,2,0.05,0.1,rawr,False,rep_nodes,0,False,True,0.6666666666666666
Texas,111,2,0.05,0.1,rawr,False,rep_nodes,1,False,True,0.6666666666666666
Texas,111,2,0.05,0.1,rawr,False,rep_nodes,2,False,True,0.6111111111111112
Texas,111,2,0.05,0.1,rawr,False,rep_nodes,3,False,True,0.6666666666666666
Texas,111,2,0.05,0.1,rawr,False,rep_nodes,104,False,True,0.6111111111111112
Texas,222,2,0.05,0.1,rawr,False,rep_nodes,0,False,True,0.6111111111111112
Texas,222,2,0.05,0.1,rawr,False,rep_nodes,1,False,True,0.6111111111111112
Texas,222,2,0.05,0.1,rawr,False,rep_nodes,2,False,True,0.6111111111111112
Texas,222,2,0.05,0.1,rawr,False,rep_nodes,3,False,True,0.6111111111111112
Texas,222,2,0.05,0.1,rawr,False,rep_nodes,104,False,True,0.6111111111111112
Texas,333,2,0.05,0.1,rawr,False,rep_nodes,0,False,True,0.3333333333333333
Texas,333,2,0.05,0.1,rawr,False,rep_nodes,1,False,True,0.2222222222222222
Texas,333,2,0.05,0.1,rawr,False,rep_nodes,2,False,True,0.2777777777777778
Texas,333,2,0.05,0.1,rawr,False,rep_nodes,3,False,True,0.2777777777777778
Texas,333,2,0.05,0.1,rawr,False,rep_nodes,104,False,True,0.2222222222222222
Texas,444,2,0.05,0.1,rawr,False,rep_nodes,0,False,True,0.4444444444444444
Texas,444,2,0.05,0.1,rawr,False,rep_nodes,1,False,True,0.3888888888888889
Texas,444,2,0.05,0.1,rawr,False,rep_nodes,2,False,True,0.3888888888888889
Texas,444,2,0.05,0.1,rawr,False,rep_nodes,3,False,True,0.3888888888888889
Texas,444,2,0.05,0.1,rawr,False,rep_nodes,104,False,True,0.3888888888888889
Texas,555,2,0.05,0.1,rawr,False,rep_nodes,0,False,True,0.5555555555555556
Texas,555,2,0.05,0.1,rawr,False,rep_nodes,1,False,True,0.5
Texas,555,2,0.05,0.1,rawr,False,rep_nodes,2,False,True,0.5
Texas,555,2,0.05,0.1,rawr,False,rep_nodes,3,False,True,0.5
Texas,555,2,0.05,0.1,rawr,False,rep_nodes,104,False,True,0.5
Wisconsin,111,2,0.05,0.1,rawr,False,rep_nodes,0,False,True,0.52
Wisconsin,111,2,0.05,0.1,rawr,False,rep_nodes,1,False,True,0.64
Wisconsin,111,2,0.05,0.1,rawr,False,rep_nodes,2,False,True,0.64
Wisconsin,111,2,0.05,0.1,rawr,False,rep_nodes,4,False,True,0.64
Wisconsin,111,2,0.05,0.1,rawr,False,rep_nodes,122,False,True,0.64
Wisconsin,222,2,0.05,0.1,rawr,False,rep_nodes,0,False,True,0.52
Wisconsin,222,2,0.05,0.1,rawr,False,rep_nodes,1,False,True,0.48
Wisconsin,222,2,0.05,0.1,rawr,False,rep_nodes,2,False,True,0.48
Wisconsin,222,2,0.05,0.1,rawr,False,rep_nodes,4,False,True,0.48
Wisconsin,222,2,0.05,0.1,rawr,False,rep_nodes,122,False,True,0.48
Wisconsin,333,2,0.05,0.1,rawr,False,rep_nodes,0,False,True,0.64
Wisconsin,333,2,0.05,0.1,rawr,False,rep_nodes,1,False,True,0.6
Wisconsin,333,2,0.05,0.1,rawr,False,rep_nodes,2,False,True,0.6
Wisconsin,333,2,0.05,0.1,rawr,False,rep_nodes,4,False,True,0.64
Wisconsin,333,2,0.05,0.1,rawr,False,rep_nodes,122,False,True,0.6
Wisconsin,444,2,0.05,0.1,rawr,False,rep_nodes,0,False,True,0.64
Wisconsin,444,2,0.05,0.1,rawr,False,rep_nodes,1,False,True,0.68
Wisconsin,444,2,0.05,0.1,rawr,False,rep_nodes,2,False,True,0.72
Wisconsin,444,2,0.05,0.1,rawr,False,rep_nodes,4,False,True,0.68
Wisconsin,444,2,0.05,0.1,rawr,False,rep_nodes,122,False,True,0.64
Wisconsin,555,2,0.05,0.1,rawr,False,rep_nodes,0,False,True,0.44
Wisconsin,555,2,0.05,0.1,rawr,False,rep_nodes,1,False,True,0.44
Wisconsin,555,2,0.05,0.1,rawr,False,rep_nodes,2,False,True,0.4
Wisconsin,555,2,0.05,0.1,rawr,False,rep_nodes,4,False,True,0.44
Wisconsin,555,2,0.05,0.1,rawr,False,rep_nodes,122,False,True,0.4
